INDEX NUMBER,SAMPLE ID,PROJECT,INDEX 1 (I7),INDEX 2 (I5),% READS IDENTIFIED (PF)
1,1-A1,NA,TAAGGCGA,CTCTCTAT,0.5314
2,1-A2,NA,CGTACTAG,CTCTCTAT,0.3
3,1-A3,NA,AGGCAGAA,CTCTCTAT,0.4059
4,1-A4,NA,TCCTGAGC,CTCTCTAT,0.3048
5,1-A5,NA,GGACTCCT,CTCTCTAT,0.33
6,1-A6,NA,TAGGCATG,CTCTCTAT,0.0069
7,1-A7,NA,CTCTCTAC,CTCTCTAT,0.3878
8,1-A8,NA,CGAGGCTG,CTCTCTAT,0.2542
9,1-A9,NA,AAGAGGCA,CTCTCTAT,0.26
10,1-A10,NA,GTAGAGGA,CTCTCTAT,0.391
11,1-A11,NA,GCTCATGA,CTCTCTAT,0.3254
12,1-A12,NA,ATCTCAGG,CTCTCTAT,0.0071
13,1-B1,NA,TAAGGCGA,TATCCTCT,0.6752
14,1-B2,NA,CGTACTAG,TATCCTCT,0.3562
15,1-B3,NA,AGGCAGAA,TATCCTCT,0.4486
16,1-B4,NA,TCCTGAGC,TATCCTCT,0.2882
17,1-B5,NA,GGACTCCT,TATCCTCT,0.3926
18,1-B6,NA,TAGGCATG,TATCCTCT,0.3885
19,1-B7,NA,CTCTCTAC,TATCCTCT,0.4472
20,1-B8,NA,CGAGGCTG,TATCCTCT,0.2783
21,1-B9,NA,AAGAGGCA,TATCCTCT,0.4027
22,1-B10,NA,GTAGAGGA,TATCCTCT,0.441
23,1-B11,NA,GCTCATGA,TATCCTCT,0.4731
24,1-B12,NA,ATCTCAGG,TATCCTCT,0.6822
25,1-C1,NA,TAAGGCGA,GTAAGGAG,0.7897
26,1-C2,NA,CGTACTAG,GTAAGGAG,0.3359
27,1-C3,NA,AGGCAGAA,GTAAGGAG,0.5437
28,1-C4,NA,TCCTGAGC,GTAAGGAG,0.3727
29,1-C5,NA,GGACTCCT,GTAAGGAG,0.4142
30,1-C6,NA,TAGGCATG,GTAAGGAG,0.385
31,1-C7,NA,CTCTCTAC,GTAAGGAG,0.4733
32,1-C8,NA,CGAGGCTG,GTAAGGAG,0.4018
33,1-C9,NA,AAGAGGCA,GTAAGGAG,0.5014
34,1-C10,NA,GTAGAGGA,GTAAGGAG,0.5382
35,1-C11,NA,GCTCATGA,GTAAGGAG,0.6169
36,1-C12,NA,ATCTCAGG,GTAAGGAG,0.7297
37,1-D1,NA,TAAGGCGA,ACTGCATA,0.7616
38,1-D2,NA,CGTACTAG,ACTGCATA,0.3922
39,1-D3,NA,AGGCAGAA,ACTGCATA,0.5116
40,1-D4,NA,TCCTGAGC,ACTGCATA,0.504
41,1-D5,NA,GGACTCCT,ACTGCATA,0.4127
42,1-D6,NA,TAGGCATG,ACTGCATA,0.0084
43,1-D7,NA,CTCTCTAC,ACTGCATA,0.4347
44,1-D8,NA,CGAGGCTG,ACTGCATA,0.2865
45,1-D9,NA,AAGAGGCA,ACTGCATA,0.4008
46,1-D10,NA,GTAGAGGA,ACTGCATA,0.5472
47,1-D11,NA,GCTCATGA,ACTGCATA,0.544
48,1-D12,NA,ATCTCAGG,ACTGCATA,0.011
49,1-E1,NA,TAAGGCGA,AAGGAGTA,0.569
50,1-E2,NA,CGTACTAG,AAGGAGTA,0.3387
51,1-E3,NA,AGGCAGAA,AAGGAGTA,0.4586
52,1-E4,NA,TCCTGAGC,AAGGAGTA,0.2232
53,1-E5,NA,GGACTCCT,AAGGAGTA,0.4868
54,1-E6,NA,TAGGCATG,AAGGAGTA,0.3611
55,1-E7,NA,CTCTCTAC,AAGGAGTA,0.3403
56,1-E8,NA,CGAGGCTG,AAGGAGTA,0.3079
57,1-E9,NA,AAGAGGCA,AAGGAGTA,0.4197
58,1-E10,NA,GTAGAGGA,AAGGAGTA,0.4853
59,1-E11,NA,GCTCATGA,AAGGAGTA,0.4706
60,1-E12,NA,ATCTCAGG,AAGGAGTA,0.4951
61,1-F1,NA,TAAGGCGA,CTAAGCCT,0.7029
62,1-F2,NA,CGTACTAG,CTAAGCCT,0.4817
63,1-F3,NA,AGGCAGAA,CTAAGCCT,0.523
64,1-F4,NA,TCCTGAGC,CTAAGCCT,0.4859
65,1-F5,NA,GGACTCCT,CTAAGCCT,0.5382
66,1-F6,NA,TAGGCATG,CTAAGCCT,0.3883
67,1-F7,NA,CTCTCTAC,CTAAGCCT,0.447
68,1-F8,NA,CGAGGCTG,CTAAGCCT,0.3577
69,1-F9,NA,AAGAGGCA,CTAAGCCT,0.0173
70,1-F10,NA,GTAGAGGA,CTAAGCCT,0.5312
71,1-F11,NA,GCTCATGA,CTAAGCCT,0.5796
72,1-F12,NA,ATCTCAGG,CTAAGCCT,0.6612
73,1-G1,NA,TAAGGCGA,CGTCTAAT,0.6842
74,1-G2,NA,CGTACTAG,CGTCTAAT,0.5035
75,1-G3,NA,AGGCAGAA,CGTCTAAT,0.4833
76,1-G4,NA,TCCTGAGC,CGTCTAAT,0.4474
77,1-G5,NA,GGACTCCT,CGTCTAAT,0.3536
78,1-G6,NA,TAGGCATG,CGTCTAAT,0.4529
79,1-G7,NA,CTCTCTAC,CGTCTAAT,0.4806
80,1-G8,NA,CGAGGCTG,CGTCTAAT,0.3471
81,1-G9,NA,AAGAGGCA,CGTCTAAT,0.4564
82,1-G10,NA,GTAGAGGA,CGTCTAAT,0.4196
83,1-G11,NA,GCTCATGA,CGTCTAAT,0.5069
84,1-G12,NA,ATCTCAGG,CGTCTAAT,0.5604
85,1-H1,NA,TAAGGCGA,TCTCTCCG,0.7638
86,1-H2,NA,CGTACTAG,TCTCTCCG,0.5585
87,1-H3,NA,AGGCAGAA,TCTCTCCG,0.6409
88,1-H4,NA,TCCTGAGC,TCTCTCCG,0.4542
89,1-H5,NA,GGACTCCT,TCTCTCCG,0.4432
90,1-H6,NA,TAGGCATG,TCTCTCCG,0.0148
91,1-H7,NA,CTCTCTAC,TCTCTCCG,0.5452
92,1-H8,NA,CGAGGCTG,TCTCTCCG,0.3241
93,1-H9,NA,AAGAGGCA,TCTCTCCG,0.3853
94,1-H10,NA,GTAGAGGA,TCTCTCCG,0.3072
95,1-H11,NA,GCTCATGA,TCTCTCCG,0.4693
96,1-H12,NA,ATCTCAGG,TCTCTCCG,0.0675
97,2-A1,NA,ACTCGCTA,TCGACTAG,0.5552
98,2-A2,NA,GGAGCTAC,TCGACTAG,0.2764
99,2-A3,NA,GCGTAGTA,TCGACTAG,0.4259
100,2-A4,NA,CGGAGCCT,TCGACTAG,0.5001
101,2-A5,NA,TACGCTGC,TCGACTAG,0.3188
102,2-A6,NA,ATGCGCAG,TCGACTAG,0.1128
103,2-A7,NA,TAGCGCTC,TCGACTAG,0.5044
104,2-A8,NA,ACTGAGCG,TCGACTAG,0.419
105,2-A9,NA,CCTAAGAC,TCGACTAG,0.4422
106,2-A10,NA,CGATCAGT,TCGACTAG,0.5793
107,2-A11,NA,TGCAGCTA,TCGACTAG,0.4388
108,2-A12,NA,TCGACGTC,TCGACTAG,0.0349
109,2-B1,NA,ACTCGCTA,TTCTAGCT,0.6374
110,2-B2,NA,GGAGCTAC,TTCTAGCT,0.4245
111,2-B3,NA,GCGTAGTA,TTCTAGCT,0.4426
112,2-B4,NA,CGGAGCCT,TTCTAGCT,0.6602
113,2-B5,NA,TACGCTGC,TTCTAGCT,0.4296
114,2-B6,NA,ATGCGCAG,TTCTAGCT,0.4359
115,2-B7,NA,TAGCGCTC,TTCTAGCT,0.5433
116,2-B8,NA,ACTGAGCG,TTCTAGCT,0.5643
117,2-B9,NA,CCTAAGAC,TTCTAGCT,0.5247
118,2-B10,NA,CGATCAGT,TTCTAGCT,0.5539
119,2-B11,NA,TGCAGCTA,TTCTAGCT,0.5751
120,2-B12,NA,TCGACGTC,TTCTAGCT,0.6231
121,2-C1,NA,ACTCGCTA,CCTAGAGT,0.6814
122,2-C2,NA,GGAGCTAC,CCTAGAGT,0.3846
123,2-C3,NA,GCGTAGTA,CCTAGAGT,0.4913
124,2-C4,NA,CGGAGCCT,CCTAGAGT,0.6184
125,2-C5,NA,TACGCTGC,CCTAGAGT,0.4596
126,2-C6,NA,ATGCGCAG,CCTAGAGT,0.4663
127,2-C7,NA,TAGCGCTC,CCTAGAGT,0.6783
128,2-C8,NA,ACTGAGCG,CCTAGAGT,0.4734
129,2-C9,NA,CCTAAGAC,CCTAGAGT,0.4885
130,2-C10,NA,CGATCAGT,CCTAGAGT,0.6464
131,2-C11,NA,TGCAGCTA,CCTAGAGT,0.5259
132,2-C12,NA,TCGACGTC,CCTAGAGT,0.5566
133,2-D1,NA,ACTCGCTA,GCGTAAGA,0.446
134,2-D2,NA,GGAGCTAC,GCGTAAGA,0.238
135,2-D3,NA,GCGTAGTA,GCGTAAGA,0.3333
136,2-D4,NA,CGGAGCCT,GCGTAAGA,0.3734
137,2-D5,NA,TACGCTGC,GCGTAAGA,0.2405
138,2-D6,NA,ATGCGCAG,GCGTAAGA,0.0438
139,2-D7,NA,TAGCGCTC,GCGTAAGA,0.4483
140,2-D8,NA,ACTGAGCG,GCGTAAGA,0.3814
141,2-D9,NA,CCTAAGAC,GCGTAAGA,0.3622
142,2-D10,NA,CGATCAGT,GCGTAAGA,0.4296
143,2-D11,NA,TGCAGCTA,GCGTAAGA,0.4113
144,2-D12,NA,TCGACGTC,GCGTAAGA,0.0483
145,2-E1,NA,ACTCGCTA,CTATTAAG,0.7562
146,2-E2,NA,GGAGCTAC,CTATTAAG,0.3021
147,2-E3,NA,GCGTAGTA,CTATTAAG,0.4219
148,2-E4,NA,CGGAGCCT,CTATTAAG,0.662
149,2-E5,NA,TACGCTGC,CTATTAAG,0.4476
150,2-E6,NA,ATGCGCAG,CTATTAAG,0.4406
151,2-E7,NA,TAGCGCTC,CTATTAAG,0.6989
152,2-E8,NA,ACTGAGCG,CTATTAAG,0.5608
153,2-E9,NA,CCTAAGAC,CTATTAAG,0.5636
154,2-E10,NA,CGATCAGT,CTATTAAG,0.6608
155,2-E11,NA,TGCAGCTA,CTATTAAG,0.7031
156,2-E12,NA,TCGACGTC,CTATTAAG,0.8428
157,2-F1,NA,ACTCGCTA,AAGGCTAT,0.7161
158,2-F2,NA,GGAGCTAC,AAGGCTAT,0.3499
159,2-F3,NA,GCGTAGTA,AAGGCTAT,0.5394
160,2-F4,NA,CGGAGCCT,AAGGCTAT,0.7977
161,2-F5,NA,TACGCTGC,AAGGCTAT,0.4818
162,2-F6,NA,ATGCGCAG,AAGGCTAT,0.4371
163,2-F7,NA,TAGCGCTC,AAGGCTAT,0.5382
164,2-F8,NA,ACTGAGCG,AAGGCTAT,0.5786
165,2-F9,NA,CCTAAGAC,AAGGCTAT,0.5759
166,2-F10,NA,CGATCAGT,AAGGCTAT,0.6692
167,2-F11,NA,TGCAGCTA,AAGGCTAT,0.5402
168,2-F12,NA,TCGACGTC,AAGGCTAT,0.6867
169,2-G1,NA,ACTCGCTA,GAGCCTTA,0.6982
170,2-G2,NA,GGAGCTAC,GAGCCTTA,0.362
171,2-G3,NA,GCGTAGTA,GAGCCTTA,0.5009
172,2-G4,NA,CGGAGCCT,GAGCCTTA,0.7617
173,2-G5,NA,TACGCTGC,GAGCCTTA,0.4565
174,2-G6,NA,ATGCGCAG,GAGCCTTA,0.5311
175,2-G7,NA,TAGCGCTC,GAGCCTTA,0.6189
176,2-G8,NA,ACTGAGCG,GAGCCTTA,0.6077
177,2-G9,NA,CCTAAGAC,GAGCCTTA,0.5979
178,2-G10,NA,CGATCAGT,GAGCCTTA,0.7237
179,2-G11,NA,TGCAGCTA,GAGCCTTA,0.586
180,2-G12,NA,TCGACGTC,GAGCCTTA,0.5464
181,2-H1,NA,ACTCGCTA,TTATGCGA,0.4248
182,2-H2,NA,GGAGCTAC,TTATGCGA,0.2998
183,2-H3,NA,GCGTAGTA,TTATGCGA,0.3876
184,2-H4,NA,CGGAGCCT,TTATGCGA,0.5425
185,2-H5,NA,TACGCTGC,TTATGCGA,0.4541
186,2-H6,NA,ATGCGCAG,TTATGCGA,0.1282
187,2-H7,NA,TAGCGCTC,TTATGCGA,0.5914
188,2-H8,NA,ACTGAGCG,TTATGCGA,0.4584
189,2-H9,NA,CCTAAGAC,TTATGCGA,0.4423
190,2-H10,NA,CGATCAGT,TTATGCGA,0.4433
191,2-H11,NA,TGCAGCTA,TTATGCGA,0.3628
192,2-H12,NA,TCGACGTC,TTATGCGA,0.0667